gene_a.identifier,gene_a.name,gene_b.identifier,gene_b.name,cancer
219,TAOK1,60732,KRAS,COAD
1212,NEDD8,60732,KRAS,COAD
2031,GNL3L,60732,KRAS,COAD
2904,TUBGCP5,60732,KRAS,COAD
2986,RRP9,60732,KRAS,COAD
3834,DNAJC11,60732,KRAS,COAD
5583,SEH1L,60732,KRAS,COAD
5646,OR10AG1,60732,KRAS,COAD
7332,BLM,17757,KLF16,COAD
7332,BLM,40212,SIX5,COAD
7332,BLM,61629,RPL7,COAD
7332,BLM,11325,PRDM16,COAD
7332,BLM,91516,PEX3,COAD
7332,BLM,18548,RPL23,COAD
7332,BLM,66105,PPM1M,COAD
7332,BLM,95668,RPL23A,COAD
7332,BLM,24995,COQ3,COAD
7332,BLM,12239,TTLL1,COAD
7332,BLM,68483,COPS6,COAD
7332,BLM,22049,RPS8,COAD
7332,BLM,47825,PIK3C3,COAD
7332,BLM,24016,JAK2,COAD
7332,BLM,74833,ZNF768,COAD
7332,BLM,75494,SSH1,COAD
7332,BLM,22868,SRCAP,COAD
7332,BLM,36963,CTBP2,COAD
7332,BLM,54968,TBC1D25,COAD
7332,BLM,67455,PTGER1,COAD
7332,BLM,81197,DNAJC4,COAD
7332,BLM,168,CREBZF,COAD
7332,BLM,26950,CARS2,COAD
7332,BLM,61342,GEN1,COAD
7332,BLM,24802,MFSD10,COAD
7332,BLM,28708,MAFA,COAD
7332,BLM,55028,KPNA6,COAD
7332,BLM,58873,PHOSPHO1,COAD
7332,BLM,14197,PFDN6,COAD
7332,BLM,48513,INSL3,COAD
7332,BLM,80723,TRPC1,COAD
7332,BLM,35946,TSSC4,COAD
7332,BLM,44924,ELK4,COAD
7332,BLM,63582,RPL32,COAD
7332,BLM,72612,ITGA6,COAD
7332,BLM,41338,BTN3A2,COAD
7332,BLM,34074,DUSP18,COAD
7332,BLM,7134,DDX46,COAD
7332,BLM,84798,KREMEN2,COAD
7332,BLM,40454,PLEKHG3,COAD
7332,BLM,69823,GPC1,COAD
7332,BLM,95636,TXN2,COAD
7332,BLM,28186,GRB10,COAD
7332,BLM,16503,UTS2R,COAD
7332,BLM,72577,POLR2I,COAD
7332,BLM,46309,KCNC3,COAD
7332,BLM,92267,CEBPD,COAD
7332,BLM,11708,SYT7,COAD
7332,BLM,57307,GTF2H1,COAD
7332,BLM,32496,NDST2,COAD
7332,BLM,43857,RPS27A,COAD
7332,BLM,80756,RPL36,COAD
7332,BLM,29221,CDCP1,COAD
7332,BLM,84454,SLC35C1,COAD
7332,BLM,61806,SWAP70,COAD
7332,BLM,48554,DNAJB6,COAD
7332,BLM,26317,NDUFA13,COAD
7332,BLM,69273,GATA2,COAD
7332,BLM,36327,FEV,COAD
7332,BLM,52948,HOXB3,COAD
7332,BLM,45589,RPLP0,COAD
7332,BLM,37432,JMJD6,COAD
7332,BLM,30153,ISG15,COAD
7332,BLM,84204,FGF8,COAD
7332,BLM,41201,BMP2K,COAD
7332,BLM,67619,CSNK1E,COAD
7332,BLM,78138,CNP,COAD
7332,BLM,14870,PINK1,COAD
7332,BLM,34864,TRIM8,COAD
7332,BLM,14977,CNPY2,COAD
7332,BLM,96017,CLPP,COAD
7332,BLM,42204,MED22,COAD
7332,BLM,6642,TOPBP1,COAD
7332,BLM,32252,CSNK2B,COAD
7332,BLM,2490,USP5,COAD
7332,BLM,94475,PDK4,COAD
7332,BLM,66921,GPR62,COAD
7332,BLM,22139,SORBS3,COAD
7332,BLM,37860,TAB3,COAD
7332,BLM,11381,MAPK9,COAD
7332,BLM,76049,RPL31,COAD
7332,BLM,78016,UBQLN2,COAD
7332,BLM,90190,SUPT6H,COAD
7332,BLM,2222,KRT6C,COAD
7332,BLM,63218,KCNQ4,COAD
7332,BLM,9758,EGFR,COAD
7332,BLM,65030,RPL13,COAD
7332,BLM,80681,ZNF747,COAD
7332,BLM,79273,PSMA7,COAD
7332,BLM,20321,THG1L,COAD
7332,BLM,53943,CITED4,COAD
7332,BLM,92499,IFT172,COAD
7332,BLM,24654,RAX,COAD
7332,BLM,29045,PDZK1IP1,COAD
7332,BLM,35125,FSTL3,COAD
7332,BLM,15552,TUBG1,COAD
7332,BLM,7664,SUGT1,COAD
7332,BLM,75015,P2RY11,COAD
7332,BLM,79701,STK24,COAD
7332,BLM,33890,INS,COAD
7332,BLM,67634,NDUFB2,COAD
7332,BLM,81585,POLR2D,COAD
7332,BLM,2885,GALR3,COAD
7332,BLM,86517,KIF3B,COAD
7332,BLM,94999,GPD1,COAD
7332,BLM,88294,CIC,COAD
7332,BLM,7328,HNF4A,COAD
7332,BLM,19734,NCOR2,COAD
7332,BLM,31088,CDC42BPA,COAD
7332,BLM,54244,CAV2,COAD
7332,BLM,30493,GGA3,COAD
7332,BLM,91566,SLC25A42,COAD
7332,BLM,161,MAGED2,COAD
7332,BLM,85646,CSF3,COAD
7332,BLM,59661,CHST14,COAD
7332,BLM,43716,FBXL16,COAD
7332,BLM,88930,FIBCD1,COAD
7332,BLM,15064,GSK3B,COAD
7332,BLM,418,SMAD7,COAD
7332,BLM,85769,CORT,COAD
7332,BLM,50289,FERMT1,COAD
7332,BLM,79570,DNAJA1,COAD
7332,BLM,92691,THOC2,COAD
7332,BLM,55671,FBXL6,COAD
7332,BLM,26687,FKBP3,COAD
7332,BLM,80142,RPS15A,COAD
7332,BLM,41272,PPM1A,COAD
7332,BLM,77909,KCTD9,COAD
7332,BLM,40798,GSX1,COAD
7332,BLM,24734,LSM2,COAD
7332,BLM,38919,RNPEPL1,COAD
7332,BLM,1121,POLDIP2,COAD
7332,BLM,62728,NAALADL2,COAD
7332,BLM,85384,PSMD6,COAD
7332,BLM,70405,TGFBR3,COAD
7332,BLM,60031,SEC13,COAD
7332,BLM,65340,SRRT,COAD
7332,BLM,88517,CEND1,COAD
7332,BLM,4508,PAQR6,COAD
7332,BLM,73866,SYT1,COAD
7332,BLM,28718,SH3BP2,COAD
7332,BLM,41645,IFT74,COAD
7332,BLM,45904,MCC,COAD
7332,BLM,9970,VCP,COAD
7332,BLM,63930,TRIM15,COAD
7332,BLM,23144,DLGAP4,COAD
7332,BLM,84961,KIF20B,COAD
7332,BLM,46378,SRXN1,COAD
7332,BLM,69296,PDK2,COAD
7332,BLM,38726,RCN2,COAD
7332,BLM,41426,TAF6,COAD
7332,BLM,67164,PFKFB2,COAD
7332,BLM,44465,TMEM79,COAD
7332,BLM,69767,COPA,COAD
7332,BLM,14786,CDC42EP5,COAD
7332,BLM,41444,TSTA3,COAD
7332,BLM,91952,TREX2,COAD
7332,BLM,49185,ZNF250,COAD
7332,BLM,82615,NPTN,COAD
7332,BLM,42341,SGSM2,COAD
7332,BLM,37869,C7orf31,COAD
7332,BLM,68119,MARCKS,COAD
7332,BLM,61732,FYCO1,COAD
7332,BLM,30262,RAMP1,COAD
7332,BLM,91639,SLC39A8,COAD
7332,BLM,60019,MNX1,COAD
7332,BLM,37105,MYH9,COAD
7332,BLM,58486,OVOL1,COAD
7332,BLM,29014,TAF7,COAD
7332,BLM,8588,TRMT6,COAD
7332,BLM,80598,EGFL8,COAD
7332,BLM,64660,IRX2,COAD
7332,BLM,18530,FZD5,COAD
7332,BLM,17884,STC2,COAD
7332,BLM,83128,LMNA,COAD
7332,BLM,24720,RPS19,COAD
7332,BLM,15003,ETV1,COAD
7332,BLM,38054,SRM,COAD
7332,BLM,7567,HES5,COAD
7332,BLM,27652,EIF4A2,COAD
7332,BLM,93538,SMARCAL1,COAD
7332,BLM,58426,RAD23B,COAD
7332,BLM,52844,RAB5A,COAD
7332,BLM,57256,SOHLH1,COAD
7332,BLM,76932,PPP1R3G,COAD
7332,BLM,4039,PPL,COAD
7332,BLM,14987,PIGB,COAD
7332,BLM,43086,CCDC14,COAD
7332,BLM,25392,POU3F3,COAD
7332,BLM,95840,SLC26A11,COAD
7332,BLM,63913,UBASH3B,COAD
7332,BLM,81985,PSMD3,COAD
7332,BLM,46952,DOCK9,COAD
7332,BLM,32546,PDE4A,COAD
7332,BLM,75244,TMEM65,COAD
7332,BLM,47745,RSAD1,COAD
7332,BLM,34414,RASGEF1A,COAD
7332,BLM,84394,RHOB,COAD
7332,BLM,5862,TYRO3,COAD
7332,BLM,68306,SSH2,COAD
7332,BLM,68884,MGAT4A,COAD
7332,BLM,22875,ENOPH1,COAD
7332,BLM,4689,MESP2,COAD
7332,BLM,1589,ZFPM1,COAD
7332,BLM,12038,HOXA3,COAD
7332,BLM,47399,MYL6B,COAD
7332,BLM,92798,CLN8,COAD
7332,BLM,83582,MCOLN1,COAD
7332,BLM,16078,SNW1,COAD
7332,BLM,8401,MFRP,COAD
7332,BLM,76000,WDR36,COAD
7332,BLM,82669,EBP,COAD
7332,BLM,72240,SH3BP5L,COAD
7332,BLM,8795,NDUFB7,COAD
7332,BLM,83251,VWA1,COAD
7332,BLM,53079,HM13,COAD
7332,BLM,66955,KCNIP3,COAD
7332,BLM,34060,SNRNP200,COAD
7332,BLM,9406,SEMA3F,COAD
7332,BLM,85540,CWC25,COAD
7332,BLM,32801,TBC1D16,COAD
7332,BLM,91729,HTR6,COAD
7332,BLM,16713,YME1L1,COAD
7332,BLM,56070,PACSIN3,COAD
7332,BLM,46337,L3MBTL2,COAD
7332,BLM,92222,CWF19L1,COAD
7332,BLM,49221,PEX6,COAD
7332,BLM,86757,TJP3,COAD
7332,BLM,75118,HHAT,COAD
7332,BLM,66715,PPP1R3E,COAD
7332,BLM,85602,PRPH,COAD
7332,BLM,22349,GSTM2,COAD
7332,BLM,44909,SLC2A13,COAD
7332,BLM,5221,TSPYL1,COAD
7332,BLM,61242,GAB2,COAD
7332,BLM,41097,CC2D1A,COAD
7332,BLM,44890,MICAL1,COAD
7332,BLM,80254,GPS1,COAD
7332,BLM,10443,TUBGCP2,COAD
7332,BLM,35059,GADD45B,COAD
7332,BLM,91707,ENPP5,COAD
7332,BLM,6423,ISL2,COAD
7332,BLM,21606,FTL,COAD
7332,BLM,11664,PLCG2,COAD
7332,BLM,68693,HSPG2,COAD
7332,BLM,52975,PRTN3,COAD
7332,BLM,23101,PSMD4,COAD
7332,BLM,46623,SERPINE1,COAD
7332,BLM,69689,CSK,COAD
7332,BLM,72356,GOPC,COAD
7332,BLM,24786,LONP2,COAD
7332,BLM,76683,CDK2AP2,COAD
7332,BLM,37546,PRMT1,COAD
7332,BLM,41732,TMEM70,COAD
7332,BLM,3797,PTCH1,COAD
7332,BLM,68226,TSEN2,COAD
7332,BLM,58406,CCT6A,COAD
7332,BLM,88392,FADD,COAD
7332,BLM,55463,OSBPL1A,COAD
7332,BLM,19605,PSMC3,COAD
7332,BLM,71,NR2F6,COAD
7332,BLM,40616,ZNF576,COAD
7332,BLM,65391,CLINT1,COAD
7332,BLM,52915,S100A14,COAD
7332,BLM,55988,PGP,COAD
7332,BLM,11354,UBC,COAD
7332,BLM,84474,RPE,COAD
7332,BLM,54213,RPL14,COAD
7332,BLM,4574,RNF126,COAD
7332,BLM,30423,GRIPAP1,COAD
7332,BLM,28803,HPS5,COAD
7332,BLM,70516,ITPR1,COAD
7332,BLM,46163,PPM1F,COAD
7332,BLM,60165,POLR2J,COAD
7332,BLM,39134,DTYMK,COAD
7332,BLM,25557,RPL5,COAD
7332,BLM,6692,RASSF7,COAD
7332,BLM,39585,SNRPG,COAD
7332,BLM,16967,ERGIC1,COAD
7332,BLM,1474,EFNA2,COAD
7332,BLM,43770,DNAJB1,COAD
7332,BLM,75743,FRG1,COAD
7332,BLM,24090,ST8SIA6,COAD
7332,BLM,81226,SPINT2,COAD
7332,BLM,34364,DDX54,COAD
7332,BLM,71554,PSMD11,COAD
7332,BLM,13530,UBA52,COAD
7332,BLM,30826,FER,COAD
7332,BLM,45868,SART1,COAD
7332,BLM,60434,SLC25A30,COAD
7332,BLM,18084,FYTTD1,COAD
7332,BLM,174,CTDSP2,COAD
7332,BLM,85344,PIGZ,COAD
7332,BLM,19964,ZNF207,COAD
7332,BLM,8531,FZD2,COAD
7332,BLM,38832,SPTB,COAD
7332,BLM,47156,GJB3,COAD
7332,BLM,71824,JUP,COAD
7332,BLM,55279,RPS14,COAD
7332,BLM,28861,HMG20B,COAD
7332,BLM,59519,RPS13,COAD
7332,BLM,60325,UBQLN4,COAD
7332,BLM,4489,PPP1R3F,COAD
7332,BLM,33288,CD300C,COAD
7332,BLM,44272,TNFRSF13C,COAD
7332,BLM,3572,SMPDL3A,COAD
7332,BLM,21042,RDH13,COAD
7332,BLM,3622,GFRA4,COAD
7332,BLM,37160,RPS18,COAD
7332,BLM,78945,SOX7,COAD
7332,BLM,83345,OPRD1,COAD
7332,BLM,60230,MAPK4,COAD
7332,BLM,83599,CORO1A,COAD
7332,BLM,63590,DAP3,COAD
7332,BLM,76063,SMNDC1,COAD
7332,BLM,18901,RPP25,COAD
7332,BLM,52715,SUPT5H,COAD
7332,BLM,87995,RHOF,COAD
7332,BLM,84976,POFUT2,COAD
7332,BLM,5867,PPP1R15B,COAD
7332,BLM,57087,PSMD1,COAD
7332,BLM,23192,RBM12B,COAD
7332,BLM,11479,TPM2,COAD
7332,BLM,23438,GPI,COAD
7332,BLM,11371,RREB1,COAD
7332,BLM,37044,PPP4C,COAD
7332,BLM,72916,PRPF38A,COAD
7332,BLM,41279,KLF2,COAD
7332,BLM,61743,MKLN1,COAD
7332,BLM,91623,RAD52,COAD
7332,BLM,20087,MBD3,COAD
7332,BLM,69903,BRD2,COAD
7332,BLM,65133,CCDC77,COAD
7332,BLM,19842,PPP1CB,COAD
7332,BLM,14109,C1orf162,COAD
7332,BLM,8682,TRIT1,COAD
7332,BLM,84632,EIF2B4,COAD
7332,BLM,10636,ZNF614,COAD
7332,BLM,42032,RPL37,COAD
7332,BLM,49397,HTR1D,COAD
7332,BLM,67903,ALDH1A3,COAD
7332,BLM,71349,AHR,COAD
7332,BLM,9486,ABCG4,COAD
7332,BLM,90676,BCKDK,COAD
7332,BLM,45137,ARX,COAD
7332,BLM,73227,ADAMTS2,COAD
7332,BLM,86398,APOBEC3B,COAD
7332,BLM,83415,APPBP2,COAD
7332,BLM,72865,ABHD11,COAD
7332,BLM,23892,BAG5,COAD
7332,BLM,89560,ALDH16A1,COAD
7332,BLM,22784,ARCN1,COAD
7332,BLM,3071,ACR,COAD
7332,BLM,41480,APAF1,COAD
7332,BLM,83862,BBS7,COAD
7332,BLM,57610,AMIGO3,COAD
7332,BLM,66519,ARHGAP23,COAD
7332,BLM,61427,ATXN7L1,COAD
7332,BLM,91897,AQR,COAD
7332,BLM,1578,AKR1B1,COAD
7332,BLM,42115,AKR7A2,COAD
7332,BLM,55512,ALDH3B1,COAD
7332,BLM,15425,ACO1,COAD
7332,BLM,33096,BICD2,COAD
7332,BLM,58171,AP1S1,COAD
7332,BLM,6678,ACTR5,COAD
7332,BLM,42121,ARFRP1,COAD
7332,BLM,92449,A1BG,COAD
7332,BLM,47057,ACTR6,COAD
7332,BLM,57981,BGLAP,COAD
7332,BLM,19560,ASH2L,COAD
7332,BLM,43707,AGER,COAD
7332,BLM,63179,AP2A1,COAD
7332,BLM,16729,AP1G1,COAD
7332,BLM,17319,ADAT3,COAD
7332,BLM,49098,ATP2B1,COAD
7332,BLM,30247,ARHGEF12,COAD
7332,BLM,18177,B3GNT6,COAD
7332,BLM,78175,AP3S2,COAD
7332,BLM,20750,AKAP8L,COAD
7332,BLM,2521,AGRN,COAD
7332,BLM,5775,B3GAT3,COAD
13184,ISG20L2,60732,KRAS,COAD
13353,GRIP2,60732,KRAS,COAD
14011,WEE1,86177,MTOR,COAD
14011,WEE1,73372,CHEK1,COAD
19120,TRIM36,60732,KRAS,COAD
19239,SRD5A3,60732,KRAS,COAD
19991,NRXN1,60732,KRAS,COAD
20384,PSMB5,60732,KRAS,COAD
21808,MAPK1,9419,MAPK3,COAD
21808,MAPK1,14011,WEE1,COAD
22289,RIMS1,60732,KRAS,COAD
22553,WBP11P1,60732,KRAS,COAD
23632,DHRS7C,60732,KRAS,COAD
24038,MAGED4,60732,KRAS,COAD
24097,MYLIP,60732,KRAS,COAD
25053,MVP,60732,KRAS,COAD
27180,CCIN,60732,KRAS,COAD
29727,PTTG1,83198,RAPH1,COAD
29727,PTTG1,31180,RBP7,COAD
29727,PTTG1,92110,SLC45A3,COAD
29727,PTTG1,89133,UBE2E3,COAD
29727,PTTG1,90738,FAM13A,COAD
29727,PTTG1,23625,VMA21,COAD
29727,PTTG1,51422,SQLE,COAD
29727,PTTG1,59956,CYP2U1,COAD
29727,PTTG1,35264,SEZ6L2,COAD
29727,PTTG1,25674,ZNF266,COAD
29727,PTTG1,22014,TTC31,COAD
29727,PTTG1,68104,TRIM14,COAD
29727,PTTG1,16177,TBKBP1,COAD
29727,PTTG1,57801,TRAK1,COAD
29727,PTTG1,29141,SARS2,COAD
29727,PTTG1,75972,SRPK3,COAD
29727,PTTG1,75460,TAF4B,COAD
29727,PTTG1,52844,RAB5A,COAD
29727,PTTG1,61528,ZNF362,COAD
29727,PTTG1,23097,ZNF526,COAD
29727,PTTG1,82112,VAT1,COAD
29727,PTTG1,56263,XBP1,COAD
29727,PTTG1,36520,RAB9A,COAD
29727,PTTG1,32720,SORL1,COAD
29727,PTTG1,69303,TRMT5,COAD
29727,PTTG1,13155,RNF41,COAD
29727,PTTG1,18927,TNS3,COAD
29727,PTTG1,84388,RGPD4,COAD
29727,PTTG1,34652,SSR3,COAD
29727,PTTG1,53780,SLC44A2,COAD
29727,PTTG1,28178,SLC7A10,COAD
29727,PTTG1,76063,SMNDC1,COAD
29727,PTTG1,28803,HPS5,COAD
29727,PTTG1,38519,WDR91,COAD
29727,PTTG1,10827,HINT2,COAD
29727,PTTG1,82149,CSPG4,COAD
29727,PTTG1,20427,CBX7,COAD
29727,PTTG1,51251,OGFOD1,COAD
29727,PTTG1,72763,DYRK3,COAD
29727,PTTG1,1393,POLM,COAD
29727,PTTG1,44218,CPSF6,COAD
29727,PTTG1,977,MAPKBP1,COAD
29727,PTTG1,55843,LGALS8,COAD
29727,PTTG1,65153,FZD4,COAD
29727,PTTG1,36047,MGAT1,COAD
29727,PTTG1,89719,NUP88,COAD
29727,PTTG1,80986,CCNI,COAD
29727,PTTG1,71784,GRIN2D,COAD
29727,PTTG1,17187,APOOL,COAD
29727,PTTG1,77326,RICTOR,COAD
29727,PTTG1,26162,PPARGC1B,COAD
29727,PTTG1,91984,CFB,COAD
29727,PTTG1,38878,PAGE5,COAD
29727,PTTG1,35644,PPIH,COAD
29727,PTTG1,7821,MED9,COAD
29727,PTTG1,11924,POLR3K,COAD
29727,PTTG1,93920,DBN1,COAD
29727,PTTG1,36498,MOGS,COAD
29727,PTTG1,789,MYO1B,COAD
29727,PTTG1,68194,PRKCZ,COAD
29727,PTTG1,79757,KIDINS220,COAD
29727,PTTG1,70060,DLG3,COAD
29727,PTTG1,48342,LRRC8A,COAD
29727,PTTG1,84474,RPE,COAD
29727,PTTG1,70717,LRIG3,COAD
29727,PTTG1,85144,DENR,COAD
29727,PTTG1,31455,LMO1,COAD
29727,PTTG1,60291,POTEE,COAD
29727,PTTG1,21390,PTOV1,COAD
29727,PTTG1,59965,MTMR1,COAD
29727,PTTG1,53025,ZNF496,COAD
29727,PTTG1,28718,SH3BP2,COAD
29727,PTTG1,2931,TOM1L1,COAD
29727,PTTG1,51273,TRIP10,COAD
29727,PTTG1,67903,ALDH1A3,COAD
29727,PTTG1,65340,SRRT,COAD
29727,PTTG1,43482,VPS8,COAD
29727,PTTG1,21576,ZNF268,COAD
29727,PTTG1,17848,ZDHHC20,COAD
29727,PTTG1,54968,TBC1D25,COAD
29727,PTTG1,40966,VPS11,COAD
29727,PTTG1,37688,TIMM17A,COAD
29727,PTTG1,60762,RPS6KC1,COAD
29727,PTTG1,86105,RSPRY1,COAD
29727,PTTG1,21706,SLC35F3,COAD
29727,PTTG1,24840,ZNF142,COAD
29727,PTTG1,25465,STK16,COAD
29727,PTTG1,48801,ZNF358,COAD
29727,PTTG1,2091,SERPINB8,COAD
29727,PTTG1,87730,ZMIZ1,COAD
29727,PTTG1,78959,SCAMP2,COAD
29727,PTTG1,79278,SLC35A1,COAD
29727,PTTG1,47397,VDAC1,COAD
29727,PTTG1,91353,USP12,COAD
29727,PTTG1,71417,TMC8,COAD
29727,PTTG1,28621,ZNF574,COAD
29727,PTTG1,89126,RCOR2,COAD
29727,PTTG1,34827,VDAC2,COAD
29727,PTTG1,40308,UGT8,COAD
29727,PTTG1,28208,TJP2,COAD
29727,PTTG1,47480,SAFB2,COAD
29727,PTTG1,76378,STOX1,COAD
29727,PTTG1,161,MAGED2,COAD
29727,PTTG1,22651,CDH22,COAD
29727,PTTG1,62565,MAL2,COAD
29727,PTTG1,67619,CSNK1E,COAD
29727,PTTG1,61802,GPRC5C,COAD
29727,PTTG1,49913,AIF1L,COAD
29727,PTTG1,45403,MTHFD2L,COAD
29727,PTTG1,19043,FAM98A,COAD
29727,PTTG1,91516,PEX3,COAD
29727,PTTG1,2521,AGRN,COAD
29727,PTTG1,72612,ITGA6,COAD
29727,PTTG1,41645,IFT74,COAD
29727,PTTG1,88517,CEND1,COAD
29727,PTTG1,13415,SNX27,COAD
29727,PTTG1,56581,DPP7,COAD
29727,PTTG1,15966,PDE9A,COAD
29727,PTTG1,78175,AP3S2,COAD
29727,PTTG1,27171,DCAF17,COAD
29727,PTTG1,65840,KLF7,COAD
29727,PTTG1,41272,PPM1A,COAD
29727,PTTG1,82484,PCK2,COAD
29727,PTTG1,94475,PDK4,COAD
29727,PTTG1,32252,CSNK2B,COAD
29727,PTTG1,78927,NT5M,COAD
29727,PTTG1,63590,DAP3,COAD
29727,PTTG1,42115,AKR7A2,COAD
29727,PTTG1,4039,PPL,COAD
29727,PTTG1,68884,MGAT4A,COAD
29727,PTTG1,29221,CDCP1,COAD
29727,PTTG1,30182,TMF1,COAD
29727,PTTG1,10511,SLC16A7,COAD
29727,PTTG1,51023,SLC36A1,COAD
29727,PTTG1,3422,IRF6,COAD
29727,PTTG1,54849,ZC3H13,COAD
29727,PTTG1,87158,SLTM,COAD
29727,PTTG1,19964,ZNF207,COAD
29727,PTTG1,18998,ZBTB41,COAD
29727,PTTG1,22618,TNXB,COAD
29727,PTTG1,9036,TAF11,COAD
29727,PTTG1,7920,RUFY3,COAD
29727,PTTG1,20321,THG1L,COAD
29727,PTTG1,7344,TMEM50A,COAD
29727,PTTG1,84041,SLC12A2,COAD
29727,PTTG1,66738,TTC12,COAD
29727,PTTG1,59620,AMPD2,COAD
29727,PTTG1,10112,SYF2,COAD
29727,PTTG1,92700,NDUFB4,COAD
29727,PTTG1,69851,ANKRA2,COAD
29727,PTTG1,6539,ZNF337,COAD
29727,PTTG1,63572,GRINA,COAD
29727,PTTG1,32468,INPP5B,COAD
29727,PTTG1,21127,BRAF,COAD
29727,PTTG1,88978,HOXB7,COAD
29727,PTTG1,85369,ALDH18A1,COAD
29727,PTTG1,90700,KLHL13,COAD
29727,PTTG1,67867,EHD1,COAD
29727,PTTG1,55639,FBXO21,COAD
29727,PTTG1,3797,PTCH1,COAD
29727,PTTG1,90252,ERC1,COAD
29727,PTTG1,77270,PNPT1,COAD
29727,PTTG1,83582,MCOLN1,COAD
29727,PTTG1,70868,RNF141,COAD
29727,PTTG1,13973,RAB33B,COAD
29727,PTTG1,66684,SOAT1,COAD
29727,PTTG1,33026,CREBBP,COAD
29727,PTTG1,18973,NCOA2,COAD
29727,PTTG1,33217,FHOD3,COAD
29727,PTTG1,52743,FZD6,COAD
29727,PTTG1,89381,PARG,COAD
29727,PTTG1,25518,NMT2,COAD
29727,PTTG1,57785,LTK,COAD
29727,PTTG1,88492,INPPL1,COAD
29727,PTTG1,63930,TRIM15,COAD
29727,PTTG1,38902,RELT,COAD
29727,PTTG1,87922,RPN2,COAD
29727,PTTG1,66574,SGSH,COAD
29727,PTTG1,53092,SLC16A8,COAD
29727,PTTG1,32801,TBC1D16,COAD
29727,PTTG1,46378,SRXN1,COAD
29727,PTTG1,22139,SORBS3,COAD
29727,PTTG1,6482,SRGAP3,COAD
29727,PTTG1,76000,WDR36,COAD
29727,PTTG1,63913,UBASH3B,COAD
29727,PTTG1,1589,ZFPM1,COAD
29727,PTTG1,68306,SSH2,COAD
29727,PTTG1,81438,ZBTB48,COAD
29727,PTTG1,8989,ZNF317,COAD
29727,PTTG1,30241,RRBP1,COAD
29727,PTTG1,48825,SYNPO,COAD
29727,PTTG1,73326,SERPINB6,COAD
29727,PTTG1,72240,SH3BP5L,COAD
29727,PTTG1,56655,RRM2,COAD
29727,PTTG1,124,SP6,COAD
29727,PTTG1,23250,CYC1,COAD
29727,PTTG1,36614,PCDHGB2,COAD
29727,PTTG1,83590,NDUFS1,COAD
29727,PTTG1,29504,KCNN3,COAD
29727,PTTG1,1084,DAD1,COAD
29727,PTTG1,93227,FXN,COAD
29727,PTTG1,71406,CDK2,COAD
29727,PTTG1,78867,FXYD1,COAD
29727,PTTG1,42453,KIAA0586,COAD
29727,PTTG1,88395,ANKRD13B,COAD
29727,PTTG1,11893,ELP3,COAD
29727,PTTG1,55644,PAFAH1B2,COAD
29727,PTTG1,66287,PRSS33,COAD
29727,PTTG1,57527,C1QL1,COAD
29727,PTTG1,18888,CDK5RAP2,COAD
29727,PTTG1,65419,CDC37L1,COAD
29727,PTTG1,53593,CACNB3,COAD
29727,PTTG1,15018,ACBD4,COAD
29727,PTTG1,6217,MCCC1,COAD
29727,PTTG1,50127,PPP1R12B,COAD
29727,PTTG1,28761,FOXF1,COAD
29727,PTTG1,24878,IGLL1,COAD
29727,PTTG1,45219,LUC7L3,COAD
29727,PTTG1,26952,ARNTL2,COAD
29727,PTTG1,94302,LMAN2,COAD
29727,PTTG1,15888,GTF3C5,COAD
29727,PTTG1,64072,POFUT1,COAD
29727,PTTG1,84192,KLHL34,COAD
29727,PTTG1,75945,PRKAB2,COAD
29727,PTTG1,36898,HOXA5,COAD
29727,PTTG1,66757,MTMR3,COAD
29727,PTTG1,32149,MKS1,COAD
29727,PTTG1,87224,PPFIA3,COAD
29727,PTTG1,17893,AMPD3,COAD
29727,PTTG1,15782,IRS1,COAD
29727,PTTG1,51512,LDLRAP1,COAD
29727,PTTG1,79670,CEBPE,COAD
29727,PTTG1,32358,JAK1,COAD
29727,PTTG1,4778,SNX8,COAD
29727,PTTG1,9405,FA2H,COAD
29727,PTTG1,17752,ATP11C,COAD
29727,PTTG1,6456,MAP3K3,COAD
29727,PTTG1,7056,GGA2,COAD
29727,PTTG1,33839,EPB41,COAD
29727,PTTG1,19089,BPNT1,COAD
29727,PTTG1,36422,CREG1,COAD
29727,PTTG1,30567,CEACAM19,COAD
29727,PTTG1,57146,CYP2W1,COAD
29727,PTTG1,3025,ASCC2,COAD
29727,PTTG1,20997,PIGT,COAD
29727,PTTG1,79598,DBNL,COAD
29727,PTTG1,41367,ASGR1,COAD
29727,PTTG1,21980,PLSCR3,COAD
29727,PTTG1,93571,LHX2,COAD
29727,PTTG1,91120,ENAH,COAD
29727,PTTG1,6942,COL27A1,COAD
29727,PTTG1,46156,ANAPC10,COAD
29727,PTTG1,34232,DHRS11,COAD
29727,PTTG1,83980,EZR,COAD
29727,PTTG1,62659,MIPOL1,COAD
29727,PTTG1,84598,ARPP19,COAD
29727,PTTG1,77191,PKN1,COAD
29727,PTTG1,40245,FKBP8,COAD
29727,PTTG1,29871,KISS1R,COAD
29727,PTTG1,48337,B2M,COAD
29727,PTTG1,71,NR2F6,COAD
29727,PTTG1,35016,CDIPT,COAD
29727,PTTG1,96385,HAMP,COAD
29727,PTTG1,29939,DHFR,COAD
29727,PTTG1,50393,MYLPF,COAD
29727,PTTG1,17464,ADAM11,COAD
29727,PTTG1,18484,PTPN2,COAD
29727,PTTG1,29662,PRKRA,COAD
29727,PTTG1,46869,EIF2A,COAD
29727,PTTG1,16729,AP1G1,COAD
29727,PTTG1,72738,HMGN3,COAD
29727,PTTG1,87320,DCXR,COAD
29727,PTTG1,41201,BMP2K,COAD
29727,PTTG1,26687,FKBP3,COAD
29727,PTTG1,66955,KCNIP3,COAD
29727,PTTG1,14870,PINK1,COAD
29727,PTTG1,91707,ENPP5,COAD
29727,PTTG1,75589,GLT8D2,COAD
29727,PTTG1,2511,ESPL1,COAD
29727,PTTG1,61553,OPN4,COAD
29727,PTTG1,51387,ESYT2,COAD
29727,PTTG1,8357,PELI3,COAD
29727,PTTG1,94847,FICD,COAD
29727,PTTG1,52678,LRAT,COAD
29727,PTTG1,61043,PDE8A,COAD
29727,PTTG1,69296,PDK2,COAD
29727,PTTG1,7328,HNF4A,COAD
29727,PTTG1,89119,NUP188,COAD
29727,PTTG1,84907,ATL3,COAD
29727,PTTG1,65168,C6orf58,COAD
29727,PTTG1,27530,ESYT1,COAD
29727,PTTG1,90681,GATAD1,COAD
29727,PTTG1,50289,FERMT1,COAD
29727,PTTG1,94478,NUP54,COAD
29727,PTTG1,31088,CDC42BPA,COAD
29727,PTTG1,6155,ARNTL,COAD
29727,PTTG1,1305,CLIP4,COAD
29727,PTTG1,37044,PPP4C,COAD
29727,PTTG1,75815,ASAP1,COAD
29727,PTTG1,74111,FBXW7,COAD
29727,PTTG1,29841,IL4I1,COAD
29727,PTTG1,66037,MAPT,COAD
29727,PTTG1,40713,AIRE,COAD
29727,PTTG1,56777,CDNF,COAD
29727,PTTG1,89317,IKZF4,COAD
29727,PTTG1,61604,ITGAV,COAD
29727,PTTG1,149,MPP3,COAD
29727,PTTG1,64528,CCS,COAD
29727,PTTG1,88047,PGAM2,COAD
29727,PTTG1,59116,P2RX4,COAD
29727,PTTG1,42559,EIF2AK2,COAD
29727,PTTG1,16321,ACTR3B,COAD
29727,PTTG1,43236,PRKCQ,COAD
29727,PTTG1,26605,NINJ1,COAD
29727,PTTG1,51980,GLS,COAD
29727,PTTG1,90903,LARP1B,COAD
29727,PTTG1,44959,GRHPR,COAD
30129,SUZ12,60732,KRAS,COAD
30772,LRRC39,60732,KRAS,COAD
31430,HIGD2A,60732,KRAS,COAD
31434,NUP93,60732,KRAS,COAD
33598,BRCA1,31227,PARP1,COAD
33598,BRCA1,46130,BRCA2,COAD
33843,WWC1,60732,KRAS,COAD
33993,MUS81,35996,NLGN2,COAD
33993,MUS81,86757,TJP3,COAD
33993,MUS81,66412,ZRANB2,COAD
33993,MUS81,35750,SRGAP2,COAD
33993,MUS81,75603,OXSR1,COAD
33993,MUS81,721,RHOG,COAD
33993,MUS81,70423,SLC4A2,COAD
33993,MUS81,25518,NMT2,COAD
33993,MUS81,23595,NCEH1,COAD
33993,MUS81,80681,ZNF747,COAD
33993,MUS81,44107,PRSS27,COAD
33993,MUS81,27940,TSPAN14,COAD
33993,MUS81,82589,ZC4H2,COAD
33993,MUS81,13530,UBA52,COAD
33993,MUS81,5595,PRDX3,COAD
33993,MUS81,56405,RSL1D1,COAD
33993,MUS81,90898,ZNF17,COAD
33993,MUS81,34357,ZMYND15,COAD
33993,MUS81,32801,TBC1D16,COAD
33993,MUS81,35687,NCK1,COAD
33993,MUS81,94493,YTHDC2,COAD
33993,MUS81,11708,SYT7,COAD
33993,MUS81,41667,PTPN1,COAD
33993,MUS81,17608,TFB1M,COAD
33993,MUS81,72322,SF3A2,COAD
33993,MUS81,27176,NUAK2,COAD
33993,MUS81,14870,PINK1,COAD
33993,MUS81,36153,SNRPB2,COAD
33993,MUS81,89852,TRIM24,COAD
33993,MUS81,56597,TNS1,COAD
33993,MUS81,28718,SH3BP2,COAD
33993,MUS81,34774,PTPRA,COAD
33993,MUS81,14357,TBC1D17,COAD
33993,MUS81,13491,TTK,COAD
33993,MUS81,84454,SLC35C1,COAD
33993,MUS81,67976,VAMP5,COAD
33993,MUS81,26328,STK11,COAD
33993,MUS81,78680,NSMCE4A,COAD
33993,MUS81,11130,TMLHE,COAD
33993,MUS81,26433,SPTBN1,COAD
33993,MUS81,93598,NKAP,COAD
33993,MUS81,94184,MYD88,COAD
33993,MUS81,24662,ZBTB3,COAD
33993,MUS81,22694,STUB1,COAD
33993,MUS81,77198,TOMM40,COAD
33993,MUS81,65627,TRAIP,COAD
33993,MUS81,32546,PDE4A,COAD
33993,MUS81,89271,MYEOV,COAD
33993,MUS81,76572,TADA3,COAD
33993,MUS81,75009,SCAP,COAD
33993,MUS81,30262,RAMP1,COAD
33993,MUS81,79203,SAMD4B,COAD
33993,MUS81,71417,TMC8,COAD
33993,MUS81,24840,ZNF142,COAD
33993,MUS81,96052,RIPK2,COAD
33993,MUS81,36442,MYO9A,COAD
33993,MUS81,28904,TSGA13,COAD
33993,MUS81,37681,PRKAR1A,COAD
33993,MUS81,1112,TIMELESS,COAD
33993,MUS81,32182,TMEM9,COAD
33993,MUS81,88676,PFDN2,COAD
33993,MUS81,72464,PGRMC2,COAD
33993,MUS81,60301,PPP1R14B,COAD
33993,MUS81,32856,PITRM1,COAD
33993,MUS81,94478,NUP54,COAD
33993,MUS81,18535,PPIL4,COAD
33993,MUS81,34484,PCDHA1,COAD
33993,MUS81,20110,STK17A,COAD
33993,MUS81,71785,ST7,COAD
33993,MUS81,64369,TBCE,COAD
33993,MUS81,3906,SH3BGR,COAD
33993,MUS81,7664,SUGT1,COAD
33993,MUS81,34873,SLC2A1,COAD
33993,MUS81,48183,RAB11FIP2,COAD
33993,MUS81,72721,SMTNL2,COAD
33993,MUS81,29297,USP1,COAD
33993,MUS81,484,ZNF511,COAD
33993,MUS81,17607,ZNF700,COAD
33993,MUS81,69407,WNT9B,COAD
33993,MUS81,85849,PTP4A1,COAD
33993,MUS81,47831,XYLB,COAD
33993,MUS81,50893,PRSS3,COAD
33993,MUS81,17910,SERPINB1,COAD
33993,MUS81,59449,VWC2,COAD
33993,MUS81,41445,TXNL4A,COAD
33993,MUS81,6282,SCLT1,COAD
33993,MUS81,85506,NAPB,COAD
33993,MUS81,16862,NPC1,COAD
33993,MUS81,53425,RBM28,COAD
33993,MUS81,50759,SMN2,COAD
33993,MUS81,18510,SSU72,COAD
33993,MUS81,37613,N4BP2,COAD
33993,MUS81,25525,ZNF181,COAD
33993,MUS81,44150,POLG,COAD
33993,MUS81,49971,TUBG2,COAD
33993,MUS81,63844,THOC7,COAD
33993,MUS81,60628,TEX10,COAD
33993,MUS81,13155,RNF41,COAD
33993,MUS81,39988,PRSS36,COAD
33993,MUS81,68816,SHOX2,COAD
33993,MUS81,11317,PGBD4,COAD
33993,MUS81,43832,TSTD2,COAD
33993,MUS81,66045,SLU7,COAD
33993,MUS81,94067,TMC6,COAD
33993,MUS81,72240,SH3BP5L,COAD
33993,MUS81,53025,ZNF496,COAD
33993,MUS81,52295,PPIE,COAD
33993,MUS81,2931,TOM1L1,COAD
33993,MUS81,38791,ODF2L,COAD
33993,MUS81,76844,TBCD,COAD
33993,MUS81,76183,TUBGCP4,COAD
33993,MUS81,54434,TRAF6,COAD
33993,MUS81,39948,RPL30,COAD
33993,MUS81,13165,RPP40,COAD
33993,MUS81,60291,POTEE,COAD
33993,MUS81,42933,MAPK8IP3,COAD
33993,MUS81,30692,KLK5,COAD
33993,MUS81,52316,CHAF1B,COAD
33993,MUS81,8330,CHST3,COAD
33993,MUS81,89617,UBA3,COAD
33993,MUS81,13104,ROBO3,COAD
33993,MUS81,44515,TMEM126B,COAD
33993,MUS81,22129,PWWP2B,COAD
33993,MUS81,2970,PCNA,COAD
33993,MUS81,72916,PRPF38A,COAD
33993,MUS81,29136,SRP19,COAD
33993,MUS81,2486,SFPQ,COAD
33993,MUS81,67333,SPI1,COAD
33993,MUS81,85722,SRBD1,COAD
33993,MUS81,20104,SALL3,COAD
33993,MUS81,11924,POLR3K,COAD
33993,MUS81,22327,UIMC1,COAD
33993,MUS81,14987,PIGB,COAD
33993,MUS81,35049,TXNDC15,COAD
33993,MUS81,21547,RIPK1,COAD
33993,MUS81,79853,TTC17,COAD
33993,MUS81,33224,RFTN1,COAD
33993,MUS81,31477,PHF5A,COAD
33993,MUS81,28001,TTBK2,COAD
33993,MUS81,5105,TMEM209,COAD
33993,MUS81,13211,PPP1R1C,COAD
33993,MUS81,52969,TMEM92,COAD
33993,MUS81,35690,NDUFS3,COAD
33993,MUS81,42621,NDUFAB1,COAD
33993,MUS81,15058,MRPL22,COAD
33993,MUS81,19656,LMNB2,COAD
33993,MUS81,58209,ARL17A,COAD
33993,MUS81,77693,ASXL1,COAD
33993,MUS81,48801,ZNF358,COAD
33993,MUS81,76000,WDR36,COAD
33993,MUS81,32064,PADI3,COAD
33993,MUS81,91960,RIOK3,COAD
33993,MUS81,31180,RBP7,COAD
33993,MUS81,49511,STIL,COAD
33993,MUS81,49896,TARBP2,COAD
33993,MUS81,4508,PAQR6,COAD
33993,MUS81,35264,SEZ6L2,COAD
33993,MUS81,47546,NOMO3,COAD
33993,MUS81,84494,PJA1,COAD
33993,MUS81,27554,PLEK2,COAD
33993,MUS81,22868,SRCAP,COAD
33993,MUS81,14197,PFDN6,COAD
33993,MUS81,60338,RFC1,COAD
33993,MUS81,87295,S1PR2,COAD
33993,MUS81,27965,SCOC,COAD
33993,MUS81,54968,TBC1D25,COAD
33993,MUS81,24639,STAU2,COAD
33993,MUS81,74657,SPRY1,COAD
33993,MUS81,22139,SORBS3,COAD
33993,MUS81,81616,RDM1,COAD
33993,MUS81,7975,SKP1,COAD
33993,MUS81,15966,PDE9A,COAD
33993,MUS81,4039,PPL,COAD
33993,MUS81,79629,CHID1,COAD
33993,MUS81,33190,KIF20A,COAD
33993,MUS81,20811,CASP8AP2,COAD
33993,MUS81,7221,CEP78,COAD
33993,MUS81,85171,ARL4D,COAD
33993,MUS81,27710,FMNL2,COAD
33993,MUS81,87561,HSPA8,COAD
33993,MUS81,43352,POLR2L,COAD
33993,MUS81,64979,TRIM72,COAD
33993,MUS81,16078,SNW1,COAD
33993,MUS81,37546,PRMT1,COAD
33993,MUS81,9913,NDST1,COAD
33993,MUS81,18616,SLC25A15,COAD
33993,MUS81,65472,UFC1,COAD
33993,MUS81,62088,PPP3CC,COAD
33993,MUS81,33922,NFYA,COAD
33993,MUS81,909,VWCE,COAD
33993,MUS81,66010,VPS29,COAD
33993,MUS81,4778,SNX8,COAD
33993,MUS81,27184,SNRPD3,COAD
33993,MUS81,91353,USP12,COAD
33993,MUS81,38519,WDR91,COAD
33993,MUS81,55644,PAFAH1B2,COAD
33993,MUS81,21127,BRAF,COAD
33993,MUS81,13734,TMEM123,COAD
33993,MUS81,67903,ALDH1A3,COAD
33993,MUS81,74868,GCH1,COAD
33993,MUS81,15986,AP2A2,COAD
33993,MUS81,94822,EIF4E3,COAD
33993,MUS81,89514,CENPL,COAD
33993,MUS81,58474,CCT5,COAD
33993,MUS81,93482,FBXO31,COAD
33993,MUS81,53240,COG7,COAD
33993,MUS81,58053,INO80,COAD
33993,MUS81,42565,BTN2A2,COAD
33993,MUS81,79134,HTR7,COAD
33993,MUS81,18928,LETM2,COAD
33993,MUS81,75191,B3GNT5,COAD
33993,MUS81,43639,EDEM3,COAD
33993,MUS81,34557,COPS5,COAD
33993,MUS81,46549,IDH2,COAD
33993,MUS81,21448,MAP3K7,COAD
33993,MUS81,17210,C3orf52,COAD
33993,MUS81,52953,KAZALD1,COAD
33993,MUS81,72496,CRKL,COAD
33993,MUS81,78361,BUB3,COAD
33993,MUS81,34877,FAM160A2,COAD
33993,MUS81,33790,E2F8,COAD
33993,MUS81,33868,MED14,COAD
33993,MUS81,84047,MBP,COAD
33993,MUS81,91579,MAPKAPK2,COAD
33993,MUS81,57785,LTK,COAD
33993,MUS81,67639,LHFPL5,COAD
33993,MUS81,40504,BCAR1,COAD
33993,MUS81,63694,APRT,COAD
33993,MUS81,44912,GPN3,COAD
33993,MUS81,59847,ACADVL,COAD
33993,MUS81,6347,CYP46A1,COAD
33993,MUS81,80226,DDX52,COAD
33993,MUS81,32012,ADAM8,COAD
33993,MUS81,48000,DCUN1D5,COAD
33993,MUS81,34025,ACP6,COAD
33993,MUS81,63590,DAP3,COAD
33993,MUS81,82669,EBP,COAD
33993,MUS81,58679,CHST12,COAD
33993,MUS81,74477,KLHL2,COAD
33993,MUS81,21606,FTL,COAD
33993,MUS81,49107,ALMS1,COAD
33993,MUS81,52850,IGF2BP3,COAD
33993,MUS81,149,MPP3,COAD
33993,MUS81,29841,IL4I1,COAD
33993,MUS81,68864,MFSD8,COAD
33993,MUS81,94999,GPD1,COAD
33993,MUS81,17060,EHD2,COAD
33993,MUS81,50289,FERMT1,COAD
33993,MUS81,28396,BLOC1S1,COAD
33993,MUS81,49917,COPS8,COAD
33993,MUS81,41568,CRYZL1,COAD
33993,MUS81,37049,BACH2,COAD
33993,MUS81,61427,ATXN7L1,COAD
33993,MUS81,53036,LYPLA2,COAD
33993,MUS81,25762,ICAM1,COAD
33993,MUS81,30717,DDB1,COAD
33993,MUS81,19089,BPNT1,COAD
33993,MUS81,24786,LONP2,COAD
33993,MUS81,84632,EIF2B4,COAD
33993,MUS81,40323,BAZ1A,COAD
33993,MUS81,12038,HOXA3,COAD
33993,MUS81,88669,C3orf33,COAD
33993,MUS81,45617,HOMER3,COAD
33993,MUS81,86457,BECN1,COAD
33993,MUS81,13270,MTUS1,COAD
33993,MUS81,69823,GPC1,COAD
33993,MUS81,1084,DAD1,COAD
33993,MUS81,84907,ATL3,COAD
33993,MUS81,65168,C6orf58,COAD
33993,MUS81,68164,GPR139,COAD
33993,MUS81,69470,BCL7B,COAD
33993,MUS81,49913,AIF1L,COAD
33993,MUS81,74288,MCM4,COAD
33993,MUS81,18888,CDK5RAP2,COAD
33993,MUS81,79670,CEBPE,COAD
33993,MUS81,56777,CDNF,COAD
33993,MUS81,53593,CACNB3,COAD
33993,MUS81,63943,BUB1,COAD
33993,MUS81,6423,ISL2,COAD
33993,MUS81,48554,DNAJB6,COAD
33993,MUS81,68483,COPS6,COAD
33993,MUS81,8531,FZD2,COAD
33993,MUS81,78175,AP3S2,COAD
33993,MUS81,73995,LIG1,COAD
33993,MUS81,41338,BTN3A2,COAD
33993,MUS81,52743,FZD6,COAD
33993,MUS81,83153,IL2RB,COAD
33993,MUS81,82217,CTNNBL1,COAD
33993,MUS81,63108,EPC1,COAD
33993,MUS81,52439,KIF23,COAD
33993,MUS81,80527,FBXL4,COAD
33993,MUS81,26133,GRIN1,COAD
33993,MUS81,58668,FANCD2,COAD
33993,MUS81,33026,CREBBP,COAD
33993,MUS81,80444,GDAP1,COAD
33993,MUS81,67335,DNAJB9,COAD
33993,MUS81,44924,ELK4,COAD
33993,MUS81,18242,DDB2,COAD
33993,MUS81,82465,DYRK1A,COAD
33993,MUS81,50931,LASP1,COAD
33993,MUS81,28360,ABCE1,COAD
33993,MUS81,92946,DSC2,COAD
33993,MUS81,77632,FZD8,COAD
33993,MUS81,70206,APPL1,COAD
33993,MUS81,30361,BOP1,COAD
33993,MUS81,88940,CDC42EP1,COAD
33993,MUS81,39996,ERI2,COAD
33993,MUS81,53222,DDX23,COAD
33993,MUS81,78568,CASC3,COAD
33993,MUS81,95139,CUL9,COAD
33993,MUS81,82339,ELN,COAD
33993,MUS81,94589,WRN,COAD
33993,MUS81,2171,AP1M2,COAD
33993,MUS81,15493,CALM2,COAD
33993,MUS81,75060,CBR3,COAD
33993,MUS81,64646,C2CD2L,COAD
33993,MUS81,53166,ABCB8,COAD
33993,MUS81,85507,IFT140,COAD
33993,MUS81,15513,CHERP,COAD
33993,MUS81,68492,DHX16,COAD
33993,MUS81,86030,AKTIP,COAD
33993,MUS81,29708,EVI5L,COAD
33993,MUS81,12918,IL20RB,COAD
33993,MUS81,56501,GPN1,COAD
33993,MUS81,22564,BRD9,COAD
33993,MUS81,91069,MARK1,COAD
33993,MUS81,66860,LYRM2,COAD
33993,MUS81,85912,AFAP1L1,COAD
33993,MUS81,79805,MDFI,COAD
33993,MUS81,38887,ABCA3,COAD
33993,MUS81,52041,CD59,COAD
33993,MUS81,69029,GTPBP8,COAD
33993,MUS81,56580,FDX1,COAD
33993,MUS81,76887,GLUD1,COAD
33993,MUS81,79079,GAGE2C,COAD
33993,MUS81,66343,GRWD1,COAD
33993,MUS81,60360,ABI1,COAD
33993,MUS81,21498,EEF1A2,COAD
33993,MUS81,48284,BATF3,COAD
33993,MUS81,27735,FZD1,COAD
33993,MUS81,63277,CKAP5,COAD
33993,MUS81,88004,MTMR11,COAD
33993,MUS81,39976,GNAI3,COAD
33993,MUS81,81084,FIS1,COAD
33993,MUS81,57092,CCT7,COAD
33993,MUS81,75743,FRG1,COAD
33993,MUS81,69453,HSP90AB1,COAD
33993,MUS81,89560,ALDH16A1,COAD
33993,MUS81,91729,HTR6,COAD
33993,MUS81,11237,DLG4,COAD
33993,MUS81,30826,FER,COAD
33993,MUS81,11060,DUS3L,COAD
33993,MUS81,62414,ECT2,COAD
33993,MUS81,50535,CPSF4,COAD
33993,MUS81,34165,KIAA2026,COAD
33993,MUS81,34284,FGF4,COAD
33993,MUS81,12092,ABCC4,COAD
33993,MUS81,26939,EIF3E,COAD
33993,MUS81,61324,MAP2K4,COAD
33993,MUS81,10819,CSRP2,COAD
33993,MUS81,58171,AP1S1,COAD
33993,MUS81,63218,KCNQ4,COAD
33993,MUS81,2239,CCDC92,COAD
33993,MUS81,85919,KCTD14,COAD
36149,ACSM4,60732,KRAS,COAD
36217,ZC3H10,60732,KRAS,COAD
38712,OR4K1,60732,KRAS,COAD
41162,NAGS,60732,KRAS,COAD
44133,GMPPB,60732,KRAS,COAD
46130,BRCA2,21808,MAPK1,COAD
46130,BRCA2,14011,WEE1,COAD
48316,AHCTF1,60732,KRAS,COAD
52016,CCDC120,60732,KRAS,COAD
53344,OR9A2,60732,KRAS,COAD
55035,PTEN,90463,SLC26A6,COAD
55035,PTEN,89844,SLC4A11,COAD
55035,PTEN,25957,TTC7A,COAD
55035,PTEN,24654,RAX,COAD
55035,PTEN,22014,TTC31,COAD
55035,PTEN,30626,ZNF575,COAD
55035,PTEN,72552,SCARF2,COAD
55035,PTEN,59661,CHST14,COAD
55035,PTEN,28611,PYY,COAD
55035,PTEN,57205,CARHSP1,COAD
55035,PTEN,11930,HTR1B,COAD
55035,PTEN,7989,PSMB2,COAD
55035,PTEN,83158,CDKN2A,COAD
55035,PTEN,27528,TUBA1A,COAD
55035,PTEN,33190,KIF20A,COAD
55035,PTEN,9766,NPAS2,COAD
55035,PTEN,49517,PLD3,COAD
55035,PTEN,68063,HRAS,COAD
55035,PTEN,80273,ZP3,COAD
55035,PTEN,50645,SRF,COAD
55035,PTEN,5097,DHCR7,COAD
55035,PTEN,3433,ARMC7,COAD
55035,PTEN,3622,GFRA4,COAD
55035,PTEN,36442,MYO9A,COAD
55035,PTEN,38655,PCDHGA9,COAD
55035,PTEN,69273,GATA2,COAD
55035,PTEN,46952,DOCK9,COAD
55035,PTEN,36047,MGAT1,COAD
55035,PTEN,60488,TMEM150A,COAD
55035,PTEN,28251,TUSC1,COAD
55035,PTEN,76953,SLC2A4RG,COAD
55035,PTEN,33299,SCO2,COAD
55035,PTEN,16713,YME1L1,COAD
55035,PTEN,86007,TNFRSF14,COAD
55035,PTEN,40212,SIX5,COAD
55035,PTEN,53213,SPEG,COAD
55035,PTEN,16503,UTS2R,COAD
55035,PTEN,23340,ABCA7,COAD
55035,PTEN,48342,LRRC8A,COAD
55035,PTEN,42142,AQP2,COAD
55035,PTEN,55452,RAPGEFL1,COAD
55035,PTEN,44272,TNFRSF13C,COAD
55035,PTEN,31961,SOX9,COAD
55035,PTEN,80598,EGFL8,COAD
55035,PTEN,37325,TAPBP,COAD
55035,PTEN,4574,RNF126,COAD
55035,PTEN,89852,TRIM24,COAD
55035,PTEN,316,RTBDN,COAD
55035,PTEN,38171,TMEM9B,COAD
55035,PTEN,15796,ZNF296,COAD
55035,PTEN,56864,RASAL1,COAD
55035,PTEN,6692,RASSF7,COAD
55035,PTEN,49272,CDKN2D,COAD
55035,PTEN,1341,RHBDD3,COAD
55035,PTEN,22993,PXN,COAD
55035,PTEN,20597,PYCARD,COAD
55035,PTEN,51023,SLC36A1,COAD
55035,PTEN,87995,RHOF,COAD
55035,PTEN,63913,UBASH3B,COAD
55035,PTEN,55018,PARD6A,COAD
55035,PTEN,75009,SCAP,COAD
55035,PTEN,59685,FTSJ3,COAD
55035,PTEN,62083,HAAO,COAD
55035,PTEN,9275,EIF3B,COAD
55035,PTEN,85416,CYP26C1,COAD
55035,PTEN,56580,FDX1,COAD
55035,PTEN,1393,POLM,COAD
55035,PTEN,8795,NDUFB7,COAD
55035,PTEN,88694,HIVEP3,COAD
55035,PTEN,72916,PRPF38A,COAD
55035,PTEN,30658,HSD17B1,COAD
55035,PTEN,45857,KLK9,COAD
55035,PTEN,66287,PRSS33,COAD
55035,PTEN,76213,CDX2,COAD
55035,PTEN,57981,BGLAP,COAD
55035,PTEN,87730,ZMIZ1,COAD
55035,PTEN,78566,UBE2H,COAD
55035,PTEN,7624,SLC38A9,COAD
55035,PTEN,1746,TBX10,COAD
55035,PTEN,43955,TNFRSF4,COAD
55035,PTEN,18417,STAG2,COAD
55035,PTEN,67848,TAF10,COAD
55035,PTEN,53254,ROGDI,COAD
55035,PTEN,64021,NOTCH1,COAD
55035,PTEN,83804,MPST,COAD
55035,PTEN,28587,C20orf202,COAD
55035,PTEN,95927,DUSP7,COAD
55035,PTEN,14152,CLIP3,COAD
55035,PTEN,67570,CRYAA,COAD
55035,PTEN,86866,DUSP23,COAD
55035,PTEN,61724,IL4R,COAD
55035,PTEN,3020,SMPD2,COAD
55035,PTEN,22168,EGR2,COAD
55035,PTEN,57527,C1QL1,COAD
55035,PTEN,86517,KIF3B,COAD
55035,PTEN,15794,GNB1L,COAD
55035,PTEN,8357,PELI3,COAD
55035,PTEN,66012,TIRAP,COAD
55035,PTEN,53481,SOX1,COAD
55035,PTEN,48807,UBE2D1,COAD
55035,PTEN,81624,TCF7,COAD
55035,PTEN,80862,ZWINT,COAD
55035,PTEN,74255,ADAMTS10,COAD
55035,PTEN,6851,ZNF513,COAD
55035,PTEN,72240,SH3BP5L,COAD
55035,PTEN,67455,PTGER1,COAD
55035,PTEN,40238,SNAI1,COAD
55035,PTEN,18918,SUV39H1,COAD
55035,PTEN,28621,ZNF574,COAD
55035,PTEN,75972,SRPK3,COAD
55035,PTEN,79920,SSBP2,COAD
55035,PTEN,5572,SPHK2,COAD
55035,PTEN,32766,LTC4S,COAD
55035,PTEN,44730,IRF2BP2,COAD
55035,PTEN,63413,CUX1,COAD
55035,PTEN,16453,HES2,COAD
55035,PTEN,14649,GALT,COAD
55035,PTEN,4730,RXFP3,COAD
55035,PTEN,79670,CEBPE,COAD
55035,PTEN,58970,EML3,COAD
55035,PTEN,71016,DDAH2,COAD
55035,PTEN,41480,APAF1,COAD
55035,PTEN,88294,CIC,COAD
55035,PTEN,48467,LEFTY1,COAD
55035,PTEN,53064,PAQR4,COAD
55035,PTEN,93230,CDKN1C,COAD
55035,PTEN,26224,CKAP4,COAD
55035,PTEN,46060,ZFP91,COAD
55035,PTEN,24814,MRPL30,COAD
55035,PTEN,22953,RBBP7,COAD
55035,PTEN,18998,ZBTB41,COAD
55035,PTEN,36032,TXNDC11,COAD
55035,PTEN,12607,FUS,COAD
55035,PTEN,35996,NLGN2,COAD
55035,PTEN,26487,MPND,COAD
55035,PTEN,96385,HAMP,COAD
55035,PTEN,39161,EME2,COAD
55035,PTEN,92798,CLN8,COAD
55035,PTEN,65542,COX8A,COAD
55035,PTEN,73751,DCTN2,COAD
55035,PTEN,40454,PLEKHG3,COAD
55035,PTEN,31455,LMO1,COAD
55035,PTEN,33433,CYB5R3,COAD
55035,PTEN,18922,NOL3,COAD
55035,PTEN,85065,PNMT,COAD
55035,PTEN,40088,PITPNM2,COAD
55035,PTEN,63694,APRT,COAD
55035,PTEN,40401,PDXK,COAD
55035,PTEN,13446,PROCR,COAD
55035,PTEN,92364,PKMYT1,COAD
55035,PTEN,88838,PLCD3,COAD
55035,PTEN,14783,FBXO17,COAD
55035,PTEN,74994,CBX4,COAD
55035,PTEN,74401,FBXL15,COAD
55035,PTEN,87320,DCXR,COAD
55035,PTEN,18928,LETM2,COAD
55035,PTEN,54504,BCL9L,COAD
55035,PTEN,84798,KREMEN2,COAD
55035,PTEN,14127,NINJ2,COAD
55035,PTEN,75448,IL11,COAD
55035,PTEN,53943,CITED4,COAD
55035,PTEN,40504,BCAR1,COAD
55035,PTEN,49067,BET1L,COAD
55035,PTEN,89102,CLPB,COAD
55035,PTEN,57379,COPB1,COAD
55035,PTEN,56777,CDNF,COAD
55035,PTEN,93232,MXD1,COAD
55035,PTEN,7056,GGA2,COAD
55035,PTEN,62946,MRPS12,COAD
55035,PTEN,12121,LRP10,COAD
55035,PTEN,85171,ARL4D,COAD
55035,PTEN,4689,MESP2,COAD
55035,PTEN,79310,C19orf48,COAD
55035,PTEN,12001,OPRL1,COAD
55035,PTEN,5775,B3GAT3,COAD
55035,PTEN,18947,CALU,COAD
55035,PTEN,33096,BICD2,COAD
55035,PTEN,76932,PPP1R3G,COAD
55035,PTEN,72577,POLR2I,COAD
55035,PTEN,56778,ENO2,COAD
55035,PTEN,31241,DENND1B,COAD
55035,PTEN,26950,CARS2,COAD
55035,PTEN,31423,IFIH1,COAD
55035,PTEN,28708,MAFA,COAD
55035,PTEN,88065,NUMBL,COAD
55035,PTEN,42115,AKR7A2,COAD
55035,PTEN,83756,PHKG2,COAD
55035,PTEN,56215,MLLT6,COAD
55035,PTEN,1474,EFNA2,COAD
55035,PTEN,49280,SUOX,COAD
55035,PTEN,53079,HM13,COAD
55035,PTEN,66921,GPR62,COAD
55035,PTEN,2521,AGRN,COAD
55035,PTEN,14734,LBX1,COAD
55035,PTEN,25370,ATP7B,COAD
55035,PTEN,63590,DAP3,COAD
55035,PTEN,15513,CHERP,COAD
55035,PTEN,12092,ABCC4,COAD
55035,PTEN,18048,EXO1,COAD
55035,PTEN,72680,ATG4B,COAD
55035,PTEN,89335,FFAR1,COAD
55035,PTEN,18555,MARCKSL1,COAD
55035,PTEN,85589,BMP7,COAD
55035,PTEN,46848,BRSK2,COAD
55035,PTEN,26914,PRDM13,COAD
55035,PTEN,68344,KLK1,COAD
55035,PTEN,47162,AMH,COAD
55035,PTEN,41701,HAGHL,COAD
55035,PTEN,6423,ISL2,COAD
55035,PTEN,40046,GNG5,COAD
55035,PTEN,7130,CES2,COAD
55035,PTEN,21586,HS3ST3B1,COAD
55035,PTEN,9380,GPSM1,COAD
55035,PTEN,24236,BRF2,COAD
55035,PTEN,36615,EPHA2,COAD
55035,PTEN,28396,BLOC1S1,COAD
55035,PTEN,84340,COL6A2,COAD
55035,PTEN,15782,IRS1,COAD
55035,PTEN,33868,MED14,COAD
55035,PTEN,78445,NUDT8,COAD
55035,PTEN,19049,HSD11B1L,COAD
55035,PTEN,94667,PSMD2,COAD
55035,PTEN,21666,HRH1,COAD
55035,PTEN,84531,PFN1,COAD
55035,PTEN,68660,PBX3,COAD
55035,PTEN,12734,UCN,COAD
55035,PTEN,5834,HEATR6,COAD
55035,PTEN,13398,NMNAT3,COAD
55035,PTEN,32357,FAU,COAD
55035,PTEN,48513,INSL3,COAD
55035,PTEN,32149,MKS1,COAD
55035,PTEN,83518,HGFAC,COAD
55035,PTEN,95323,FSCN1,COAD
55035,PTEN,48284,BATF3,COAD
55035,PTEN,66519,ARHGAP23,COAD
55035,PTEN,52953,KAZALD1,COAD
55035,PTEN,26133,GRIN1,COAD
55035,PTEN,85233,CHRM4,COAD
55035,PTEN,65030,RPL13,COAD
55035,PTEN,45137,ARX,COAD
55035,PTEN,42687,COL18A1,COAD
55035,PTEN,40436,TRAP1,COAD
55035,PTEN,55671,FBXL6,COAD
55035,PTEN,8355,NBEAL1,COAD
55035,PTEN,1731,HSPA1B,COAD
55035,PTEN,60328,CYGB,COAD
55035,PTEN,27315,CEP57,COAD
55035,PTEN,71664,MAPK7,COAD
55035,PTEN,42636,NUDT1,COAD
55035,PTEN,54244,CAV2,COAD
55035,PTEN,79615,FOXQ1,COAD
55035,PTEN,24503,CAPS,COAD
55035,PTEN,17464,ADAM11,COAD
55035,PTEN,70472,ATMIN,COAD
55035,PTEN,88013,AASS,COAD
55035,PTEN,43062,PCSK6,COAD
55035,PTEN,56070,PACSIN3,COAD
55035,PTEN,36327,FEV,COAD
55035,PTEN,14625,NOXA1,COAD
55035,PTEN,3484,GPD1L,COAD
55035,PTEN,64528,CCS,COAD
55035,PTEN,50393,MYLPF,COAD
55035,PTEN,6271,PMPCA,COAD
55035,PTEN,60141,FZD7,COAD
55035,PTEN,58674,LAD1,COAD
55035,PTEN,87158,SLTM,COAD
55035,PTEN,23546,SEMA7A,COAD
55035,PTEN,49572,PCSK9,COAD
55035,PTEN,32856,PITRM1,COAD
55035,PTEN,28468,CDC34,COAD
55035,PTEN,13581,MAD2L1BP,COAD
55035,PTEN,13133,EIF1AX,COAD
55035,PTEN,74112,PEX10,COAD
55035,PTEN,51251,OGFOD1,COAD
55035,PTEN,86083,PHLPP2,COAD
55035,PTEN,54537,KCNQ1,COAD
55035,PTEN,43156,ILKAP,COAD
55035,PTEN,72865,ABHD11,COAD
55035,PTEN,65391,CLINT1,COAD
55035,PTEN,36797,OSBP2,COAD
55035,PTEN,89279,ERH,COAD
55035,PTEN,86615,EIF4A1,COAD
55035,PTEN,15888,GTF3C5,COAD
55035,PTEN,88225,PPP1CA,COAD
55035,PTEN,68119,MARCKS,COAD
55035,PTEN,69114,MT1F,COAD
55035,PTEN,15416,CDT1,COAD
55035,PTEN,12696,PSMD12,COAD
55035,PTEN,72809,AQP12A,COAD
55035,PTEN,37105,MYH9,COAD
55035,PTEN,60019,MNX1,COAD
55035,PTEN,13638,SOCS1,COAD
55035,PTEN,83857,ZNF33A,COAD
55035,PTEN,10847,TRADD,COAD
55035,PTEN,33224,RFTN1,COAD
55035,PTEN,49537,RASSF2,COAD
55035,PTEN,73571,RHBDL1,COAD
55035,PTEN,41146,BOK,COAD
55035,PTEN,53148,DRD4,COAD
55035,PTEN,48170,LLGL2,COAD
55035,PTEN,37160,RPS18,COAD
55035,PTEN,28038,ZNF746,COAD
55035,PTEN,60806,RPS21,COAD
55035,PTEN,26583,ZNF34,COAD
55035,PTEN,28275,RASGRP2,COAD
55035,PTEN,87567,C6orf62,COAD
55035,PTEN,91984,CFB,COAD
55035,PTEN,67461,LAP3,COAD
55035,PTEN,38863,PRSS22,COAD
55035,PTEN,68392,C2orf15,COAD
55035,PTEN,4508,PAQR6,COAD
55035,PTEN,26240,NR2C2AP,COAD
55035,PTEN,60075,C8G,COAD
55035,PTEN,1504,ZFR,COAD
55035,PTEN,45044,SLC25A6,COAD
55035,PTEN,61538,TAF8,COAD
55035,PTEN,17772,ZNF473,COAD
55035,PTEN,73076,SFTPD,COAD
55035,PTEN,76981,NPFFR1,COAD
55035,PTEN,84454,SLC35C1,COAD
55035,PTEN,81352,IGF2,COAD
55035,PTEN,2490,USP5,COAD
55035,PTEN,37117,PKP3,COAD
55035,PTEN,96295,HES6,COAD
55035,PTEN,25907,SH3BP4,COAD
55035,PTEN,42700,KCNK6,COAD
55035,PTEN,17374,RCE1,COAD
55035,PTEN,33393,RAD21,COAD
55035,PTEN,71,NR2F6,COAD
55035,PTEN,14786,CDC42EP5,COAD
55035,PTEN,76683,CDK2AP2,COAD
55035,PTEN,27800,ARHGEF1,COAD
55035,PTEN,31324,KLHL21,COAD
55035,PTEN,58861,GPX4,COAD
55035,PTEN,33904,FBXO42,COAD
55035,PTEN,52479,CHD1L,COAD
55035,PTEN,91729,HTR6,COAD
55035,PTEN,53328,GPAM,COAD
55035,PTEN,84693,TNFRSF8,COAD
55035,PTEN,16566,IL11RA,COAD
55035,PTEN,64730,SMUG1,COAD
55035,PTEN,35284,CHRM1,COAD
55035,PTEN,7567,HES5,COAD
55035,PTEN,55612,ATP6V1B2,COAD
55035,PTEN,7059,WRAP53,COAD
55035,PTEN,41279,KLF2,COAD
55035,PTEN,6155,ARNTL,COAD
55035,PTEN,1589,ZFPM1,COAD
55035,PTEN,24090,ST8SIA6,COAD
55035,PTEN,66964,EFEMP2,COAD
55035,PTEN,11265,PAPLN,COAD
55035,PTEN,34864,TRIM8,COAD
55035,PTEN,90341,UBAP2L,COAD
55035,PTEN,84041,SLC12A2,COAD
55035,PTEN,55988,PGP,COAD
55035,PTEN,15966,PDE9A,COAD
55035,PTEN,72504,THBD,COAD
55035,PTEN,73866,SYT1,COAD
55035,PTEN,33764,TFCP2L1,COAD
55035,PTEN,32909,B3GNT7,COAD
55035,PTEN,45589,RPLP0,COAD
55035,PTEN,17659,SS18L1,COAD
55035,PTEN,896,UBXN1,COAD
55035,PTEN,12153,SCNN1D,COAD
55035,PTEN,1007,ERAL1,COAD
57880,PSMB6,60732,KRAS,COAD
58113,SIRPA,60732,KRAS,COAD
60060,HEMK1,60732,KRAS,COAD
60080,SPATA17,60732,KRAS,COAD
60202,FBL,60732,KRAS,COAD
60732,KRAS,96300,NHEJ1,COAD
60732,KRAS,90811,B4GALT5,COAD
60732,KRAS,74169,VPS25,COAD
60732,KRAS,69393,ADAM10,COAD
60732,KRAS,46546,HKDC1,COAD
60732,KRAS,17565,DDR1,COAD
60732,KRAS,17206,BRIX1,COAD
60732,KRAS,50497,JMJD4,COAD
60732,KRAS,13411,HOXD4,COAD
60732,KRAS,95166,CCDC112,COAD
60732,KRAS,27119,DNM2,COAD
60732,KRAS,59084,CCDC114,COAD
60732,KRAS,86429,GSTCD,COAD
60732,KRAS,56648,CLK2,COAD
60732,KRAS,63654,MTNR1A,COAD
60732,KRAS,3371,RNFT1,COAD
60732,KRAS,79009,MFHAS1,COAD
60732,KRAS,13911,DOCK3,COAD
60732,KRAS,38580,IREB2,COAD
60732,KRAS,64062,STK32A,COAD
60732,KRAS,57022,MAPRE1,COAD
60732,KRAS,18839,MAP3K1,COAD
60732,KRAS,54782,SURF4,COAD
60732,KRAS,26526,PANK2,COAD
60732,KRAS,26149,SLC9A8,COAD
60732,KRAS,72687,PIK3CB,COAD
60732,KRAS,14197,PFDN6,COAD
60732,KRAS,7395,PRPF31,COAD
60732,KRAS,56095,RPL18A,COAD
60732,KRAS,3666,CDC25C,COAD
60732,KRAS,4607,NAPA,COAD
60732,KRAS,37660,SGPP1,COAD
60732,KRAS,41003,MAP3K6,COAD
60732,KRAS,42317,MED31,COAD
60732,KRAS,2486,SFPQ,COAD
60732,KRAS,42635,TBC1D8,COAD
60732,KRAS,26618,LMLN,COAD
60732,KRAS,11297,SNRPA1,COAD
60732,KRAS,62997,TAF1,COAD
60732,KRAS,72713,ZNF764,COAD
60732,KRAS,8386,SVIL,COAD
60732,KRAS,64969,PKNOX1,COAD
60732,KRAS,41979,NAB1,COAD
60732,KRAS,68719,PTPN13,COAD
60732,KRAS,1001,PRPF3,COAD
60732,KRAS,55432,CD83,COAD
60732,KRAS,30299,TFDP1,COAD
60732,KRAS,59644,RPS16,COAD
60732,KRAS,17358,PEX13,COAD
60732,KRAS,24720,RPS19,COAD
60732,KRAS,49570,NONO,COAD
60732,KRAS,36961,TTC27,COAD
60732,KRAS,14661,NXT2,COAD
60732,KRAS,11242,YWHAE,COAD
60732,KRAS,86138,SNRPD2,COAD
60732,KRAS,78442,COCH,COAD
60732,KRAS,51264,CWC22,COAD
60732,KRAS,73960,GSK3A,COAD
60732,KRAS,17166,BCAS2,COAD
60732,KRAS,46156,ANAPC10,COAD
60732,KRAS,48732,CDK12,COAD
60732,KRAS,48683,FNTB,COAD
60732,KRAS,32626,KDM5B,COAD
60732,KRAS,12902,ANAPC4,COAD
60732,KRAS,93127,CNOT1,COAD
60732,KRAS,7812,USP10,COAD
61920,RHBDL2,60732,KRAS,COAD
62653,GON4L,60732,KRAS,COAD
63271,PNPLA4,60732,KRAS,COAD
63653,NOL8,60732,KRAS,COAD
64078,MAP2K1,60732,KRAS,COAD
65421,C12orf56,60732,KRAS,COAD
66550,LAS1L,60732,KRAS,COAD
69642,TTC21B,60732,KRAS,COAD
71259,FAM41C,60732,KRAS,COAD
71532,OR2B11,60732,KRAS,COAD
71977,METAP2,60732,KRAS,COAD
73142,TRIM44,60732,KRAS,COAD
73372,CHEK1,86177,MTOR,COAD
73372,CHEK1,11354,UBC,COAD
75193,LCE5A,60732,KRAS,COAD
76109,OSBPL9,60732,KRAS,COAD
81580,PPWD1,60732,KRAS,COAD
82839,RPL35,60732,KRAS,COAD
83464,KCTD12,60732,KRAS,COAD
85430,NUP98,60732,KRAS,COAD
86177,MTOR,11354,UBC,COAD
86746,FAM71E1,60732,KRAS,COAD
88494,OR4E2,60732,KRAS,COAD
88637,PHF7,60732,KRAS,COAD
88771,THOC1,60732,KRAS,COAD
95800,FBXO28,60732,KRAS,COAD
